{"cameraMode":{"drawMode":0,"name":"Shaded","section":"Shading Mode"},"sceneLighting":false,"audioPlay":false,"sceneViewState":{"showFog":true,"showMaterialUpdate":false,"showSkybox":false,"showFlares":true,"showImageEffects":true,"showParticleSystems":true},"in2DMode":false,"pivot":{"x":-4.349572658538818,"y":-2.4336302280426027,"z":-4.260555744171143},"rotation":{"x":-0.07963276654481888,"y":0.7852475047111511,"z":-0.1033077985048294,"w":-0.6052912473678589},"size":0.835765540599823,"orthographic":false}