{"cameraMode":{"drawMode":0,"name":"Shaded","section":"Shading Mode"},"sceneLighting":false,"audioPlay":false,"sceneViewState":{"showFog":true,"showMaterialUpdate":false,"showSkybox":false,"showFlares":true,"showImageEffects":true,"showParticleSystems":true},"in2DMode":false,"pivot":{"x":-2.6412086486816408,"y":-2.745164394378662,"z":-3.9883432388305666},"rotation":{"x":-0.07963276654481888,"y":0.7852475047111511,"z":-0.1033077985048294,"w":-0.6052912473678589},"size":0.8357648849487305,"orthographic":false}